median_velocity,mean_log_velocity,run,scenario,approach,mean_oxygen_decline,mean_ocean_acidification,mean_climate_warming
17.569912218456636,2.919132756019158,LRFeature,585,Feature,-1.2024295618169474e-4,-0.004545431775644598,0.038687086018680435
29.892040455294495,3.3046468022571047,LRPercentile,585,Percentile,-1.282781712293012e-4,-0.004513844112790122,0.04132138165250835
20.453461253645955,3.0144981350926985,LRPenalty,585,Penalty,-1.2103165740203033e-4,-0.004534186209850701,0.039601617164738936
23.77873498057459,3.16496117622201,LRClimatePriorityArea,585,ClimatePriorityArea,-1.267873485137074e-4,-0.0045174519571785175,0.04125412240757754
