"","mean_climate_warming","run","scenario","approach","sum_area","total_cost","percent_area","num_pu"
"1",0.0367436452050089,"EM_Percentile_tos_585","585","percentile",13969424.7,13969424.7,58.9250897171437,20853
"2",0.0391551185880756,"EM_Feature_tos_585","585","feature",7107639,7107639,29.9810675633672,10610
"3",0.0373826642879072,"EM_Penalty_tos_585","585","penalty",7107639,7107639,29.9810675633672,10610
"4",0.0364092356894407,"EM_ClimatePriorityArea_tos_585","585","climate priority area",11607357.3,11607357.3,48.961541722004,17327
