"","mean_climate_warming","mean_log_climate_warming","mean_ocean_acidification","mean_log_ocean_acidification","mean_oxygen_decline","mean_log_oxygen_decline","median_velocity","mean_log_velocity","approach","sum_area","total_cost","percent_area","num_pu","run","scenario"
"1",0.039374922565816,-3.24189315037456,-0.00449743279335777,-6.5044720576938,-0.00013805417372344,-9.7138925628333,22.9907567585116,2.82722610299788,"feature",1966826.4,1966826.4,8.29636327672441,2936,"low_regret",585
"2",0.0409799215509805,-3.19681076674746,-0.0044782208547996,-6.48900066677206,-0.000140482102415692,-9.73463137529384,15.0359055846329,2.67941525678447,"percentile",5519976,5519976,23.2840713215971,8240,"low_regret",585
"3",0.0393134202046077,-3.24085021947279,-0.00443405591207594,-6.46503681683105,-0.000134555740107235,-9.64711142884217,14.3538270967455,2.49920280413158,"penalty",568745.1,568745.1,2.39905055243155,849,"low_regret",585
"4",0.0408835727948224,-3.19993359493538,-0.00448225251799256,-6.49227034779168,-0.000139199099967271,-9.72030031194017,18.3161837301216,2.76894113657678,"imptfeature",1726332.3,1726332.3,7.28192376162084,2577,"low_regret",585
"5",NA,NA,NA,NA,NA,NA,NA,NA,"percentile",8778369.6,8778369.6,37.0284551696855,13104,"low_regret",126245585
