"","mean_climate_warming","run","scenario","approach","mean_ocean_acidification","mean_oxygen_decline","median_velocity","mean_log_velocity","sum_area","total_cost","percent_area","num_pu"
"1",0.0391551185880756,"EM_Feature_tos_585","585","feature",-0.00457585963868485,-0.00011982874821821,19.4250149895191,2.98707497432396,7107639,7107639,29.9810675633672,10610
"2",0.0394573817154447,"EM_Feature_phos_585","585","feature",-0.00456786388689325,-0.00012077865471577,19.8328966705352,3.01556227942311,7107639,7107639,29.9810675633672,10610
"3",0.0392714307742046,"EM_Feature_o2os_585","585","feature",-0.004572866372968,-0.000120109824161221,19.5916880922779,2.99620865428197,7107639,7107639,29.9810675633672,10610
"4",0.0392811183855444,"EM_Feature_velocity_585","585","feature",-0.00457692928187332,-0.000120291332933042,19.0921826965936,2.9810316467734,7107639,7107639,29.9810675633672,10610
