"","run","scenario","approach","mean_tos","mean_phos","mean_o2os","median_velocity","mean_MHW","mean_CombinedMetric","num_pu","percent_area"
"1","EM_Percentile_tos_585","585","percentile",0.0366603646323947,-0.0046190553591305,-0.000112881475939596,15.5371728456152,44960.5172310754,59.4186009212994,21052,59.4874113425076
"2","EM_Percentile_phos_585","585","percentile",0.0407128295551843,-0.0044844553133482,-0.000123018841737087,23.5123319296316,60730.5590159258,53.7287505463787,21506,60.7702958546441
"3","EM_Percentile_o2os_585","585","percentile",0.0368629077619104,-0.00461384448312813,-0.000112114711863414,16.4335083970396,45603.0642214028,59.7937612111901,19689,55.6359320692871
"4","EM_Percentile_velocity_585","585","percentile",0.0388014046972489,-0.00462668449156944,-0.000121343883379114,11.7862365808908,51643.3692214134,52.3266781892392,19329,54.6186668173726
"5","EM_Percentile_MHW_585","585","percentile",0.0372419051719819,-0.00464406856474343,-0.000115174088276122,14.3415658748428,41954.1896789959,57.3069241844038,18982,53.6381361439995
"6","EM_Percentile_CombinedMetric_585","585","percentile",0.037140105152751,-0.00458727621125159,-0.000112951133885439,18.167034626102,46806.1656289605,60.4918023989293,19789,55.9185057503744
