"","run","scenario","approach","mean_tos","mean_phos","mean_o2os","median_velocity","mean_MHW","mean_CombinedMetric","num_pu","percent_area"
"1","EM_Percentile_tos_585","585","percentile",0.0366603646323947,-0.0046190553591305,-0.000112881475939596,15.5371728456152,44960.5172310754,59.4186009212994,21052,59.4874113425076
"2","EM_Percentile_phos_585","585","percentile",0.0379352618297543,-0.00466451049570014,-0.000116419851392831,16.0376544658359,46170.1944126423,55.2735689436724,20819,58.8290146655741
"3","EM_Percentile_o2os_585","585","percentile",0.0374775345529034,-0.00459290639586094,-0.000113680174083453,20.8820967113379,47554.9957524901,58.6215521171064,12128,34.270536042273
"4","EM_Percentile_velocity_585","585","percentile",0.0388014046972489,-0.00462668449156944,-0.000121343883379114,11.7862365808908,51643.3692214134,52.3266781892392,19329,54.6186668173726
"5","EM_Percentile_MHW_585","585","percentile",0.0372419051719819,-0.00464406856474343,-0.000115174088276122,14.3415658748428,41954.1896789959,57.3069241844038,18982,53.6381361439995
"6","EM_Percentile_CombinedMetric_585","585","percentile",0.0377149861552698,-0.00457618782074728,-0.000114921483612805,22.1948215063333,48147.9356657641,59.1998666817436,12446,35.1691203481308
