"","run","scenario","approach","mean_tos","mean_phos","mean_o2os","median_velocity","mean_MHW","mean_CombinedMetric","num_pu","percent_area"
"1","EM_Feature_tos_585","585","feature",0.0368675060687784,-0.00459602996792153,-0.000115676909466151,14.2422287265498,48519.7513548461,57.9251785666592,19655,46.2003149754366
"2","EM_Feature_phos_585","585","feature",0.0416058658949317,-0.00443135723989918,-0.000126845203598826,27.6492168431639,64910.5925191073,51.7176978701352,17878,42.0233645958207
"3","EM_Feature_o2os_585","585","feature",0.0373999627591778,-0.0045660102576939,-0.000113626312760182,18.790675441513,50183.7546145787,59.3613131378386,17944,42.1785017511694
"4","EM_Feature_velocity_585","585","feature",0.0376990425030727,-0.00465522443270984,-0.000119393107766853,10.4200203911523,47476.7279653489,53.1052357528074,19174,45.0696941917589
"5","EM_Feature_MHW_585","585","feature",0.0374306878943766,-0.0046534535979786,-0.00011797571294209,11.2994186739956,44231.7846958308,54.7004337301683,18205,42.7919986836847
"6","EM_Feature_CombinedMetric_585","585","feature",0.0372814315656642,-0.00455131463573204,-0.000113586190981723,19.4151842832509,50175.483451108,60.3773962898393,17238,40.5190043015302
