"","run","scenario","approach","mean_tos","mean_phos","mean_o2os","median_velocity","mean_MHW","mean_CombinedMetric","num_pu","percent_area"
"1","EM_Penalty_tos_585","585","penalty",0.0372473993016982,-0.00458970458409347,-0.000113535133101513,21.8756058238603,47931.5429686291,58.5198598586915,10650,30.0940970358021
"2","EM_Penalty_phos_585","585","penalty",0.042244400251,-0.00444267398804988,-0.000128522518097644,22.8585440041068,68771.7035210615,49.8250456544968,10645,30.0799683517477
"3","EM_Penalty_o2os_585","585","penalty",0.042244400251,-0.00444267398804988,-0.000128522518097644,22.8585440041068,68771.7035210615,49.8250456544968,10645,30.0799683517477
"4","EM_Penalty_velocity_585","585","penalty",0.0398517531894796,-0.00457468954215606,-0.000123381470230206,13.6665777570408,56399.2593591486,51.7389346541016,10641,30.0686654045042
"5","EM_Penalty_MHW_585","585","penalty",0.038170243833567,-0.00461459369695415,-0.000116143092770277,18.667669000541,44484.2418183859,56.769092070865,10644,30.0771426149368
"6","EM_Penalty_CombinedMetric_585","585","penalty",0.0377492518555023,-0.00455306735848129,-0.000113799947907004,22.0476004881356,49083.6188109192,60.331801771961,10651,30.096922772613
